{
  "id": "",
  "name": "",
  "font_family": "iconfont",
  "css_prefix_text": "icon-",
  "description": "",
  "glyphs": [
    {
      "icon_id": "201556",
      "name": "查看",
      "font_class": "chakan",
      "unicode": "f01f0",
      "unicode_decimal": 983536
    },
    {
      "icon_id": "504564",
      "name": "查看",
      "font_class": "chakan1",
      "unicode": "e602",
      "unicode_decimal": 58882
    },
    {
      "icon_id": "591846",
      "name": "日期",
      "font_class": "riqi",
      "unicode": "e629",
      "unicode_decimal": 58921
    },
    {
      "icon_id": "774492",
      "name": "日期",
      "font_class": "riqi1",
      "unicode": "e68c",
      "unicode_decimal": 59020
    },
    {
      "icon_id": "1071105",
      "name": "查看",
      "font_class": "chakan2",
      "unicode": "e68a",
      "unicode_decimal": 59018
    },
    {
      "icon_id": "1134336",
      "name": "日期",
      "font_class": "riqi2",
      "unicode": "e683",
      "unicode_decimal": 59011
    },
    {
      "icon_id": "5287753",
      "name": "日期",
      "font_class": "riqi3",
      "unicode": "e644",
      "unicode_decimal": 58948
    },
    {
      "icon_id": "6010895",
      "name": "查看",
      "font_class": "chakan3",
      "unicode": "e60c",
      "unicode_decimal": 58892
    },
    {
      "icon_id": "6265109",
      "name": "查看",
      "font_class": "check-line",
      "unicode": "e64c",
      "unicode_decimal": 58956
    },
    {
      "icon_id": "8084546",
      "name": "查看",
      "font_class": "chakan4",
      "unicode": "e613",
      "unicode_decimal": 58899
    },
    {
      "icon_id": "9839107",
      "name": "日期",
      "font_class": "riqi4",
      "unicode": "e6de",
      "unicode_decimal": 59102
    },
    {
      "icon_id": "10937698",
      "name": "日期",
      "font_class": "date",
      "unicode": "e62a",
      "unicode_decimal": 58922
    },
    {
      "icon_id": "14095286",
      "name": "日期",
      "font_class": "riqi5",
      "unicode": "e787",
      "unicode_decimal": 59271
    }
  ]
}
