<?xml version="1.0" encoding="ISO-8859-1"?>
<root>
	<item id="Title"><![CDATA[Discuz! Plugin]]></item>
	<item id="Version"><![CDATA[X3.4]]></item>
	<item id="Time"><![CDATA[2020-10-09 08:35]]></item>
	<item id="From"><![CDATA[Discuz! Board (http://localhost/dz34/)]]></item>
	<item id="Data">
		<item id="plugin">
			<item id="available"><![CDATA[1]]></item>
			<item id="adminid"><![CDATA[0]]></item>
			<item id="name"><![CDATA[[翔升]91论坛首页图片]]></item>
			<item id="identifier"><![CDATA[pcasl_91]]></item>
			<item id="description"><![CDATA[]]></item>
			<item id="datatables"><![CDATA[]]></item>
			<item id="directory"><![CDATA[pcasl_91/]]></item>
			<item id="copyright"><![CDATA[QQ:1628819121]]></item>
			<item id="version"><![CDATA[定制版]]></item>
			<item id="__modules">
				<item id="0">
					<item id="name"><![CDATA[hook]]></item>
					<item id="param"><![CDATA[]]></item>
					<item id="menu"><![CDATA[]]></item>
					<item id="url"><![CDATA[]]></item>
					<item id="type"><![CDATA[11]]></item>
					<item id="adminid"><![CDATA[0]]></item>
					<item id="displayorder"><![CDATA[0]]></item>
					<item id="navtitle"><![CDATA[]]></item>
					<item id="navicon"><![CDATA[]]></item>
					<item id="navsubname"><![CDATA[]]></item>
					<item id="navsuburl"><![CDATA[]]></item>
				</item>
			</item>
		</item>
		<item id="version"><![CDATA[X3.4]]></item>
		<item id="var">
			<item id="0">
				<item id="displayorder"><![CDATA[1]]></item>
				<item id="title"><![CDATA[贴内图片链接]]></item>
				<item id="description"><![CDATA[贴子内容详细信息右侧图片链接!]]></item>
				<item id="variable"><![CDATA[picdz]]></item>
				<item id="type"><![CDATA[text]]></item>
				<item id="value"><![CDATA[http://111.229.41.30:33/zishiying/]]></item>
				<item id="extra"><![CDATA[]]></item>
			</item>
			<item id="1">
				<item id="displayorder"><![CDATA[2]]></item>
				<item id="title"><![CDATA[购买VIP]]></item>
				<item id="description"><![CDATA[用户查看QQ微信联系方式等内容，提示信息。支持html]]></item>
				<item id="variable"><![CDATA[vip]]></item>
				<item id="type"><![CDATA[textarea]]></item>
				<item id="value"><![CDATA[请充值VIP或用40积分购买查看!]]></item>
				<item id="extra"><![CDATA[]]></item>
			</item>
			<item id="2">
				<item id="displayorder"><![CDATA[3]]></item>
				<item id="title"><![CDATA[服务项目]]></item>
				<item id="description"><![CDATA[有多少项目就按照：1=口交 按照这种方式填写一行一个。]]></item>
				<item id="variable"><![CDATA[pro]]></item>
				<item id="type"><![CDATA[textarea]]></item>
				<item id="value"><![CDATA[1=鸳鸯浴
2=漫游
3=胸推
4=69式
5=冰火
6=口活
7=爱爱
8=自定义
9=测试]]></item>
				<item id="extra"><![CDATA[]]></item>
			</item>
			<item id="3">
				<item id="displayorder"><![CDATA[4]]></item>
				<item id="title"><![CDATA[积分]]></item>
				<item id="description"><![CDATA[用户查看信息需要消耗多少积分!]]></item>
				<item id="variable"><![CDATA[jf]]></item>
				<item id="type"><![CDATA[text]]></item>
				<item id="value"><![CDATA[40]]></item>
				<item id="extra"><![CDATA[]]></item>
			</item>
			<item id="4">
				<item id="displayorder"><![CDATA[5]]></item>
				<item id="title"><![CDATA[瀑布流]]></item>
				<item id="description"><![CDATA[选择了某个板块将不再有楼凤的样式，直接就是瀑布流。]]></item>
				<item id="variable"><![CDATA[bk]]></item>
				<item id="type"><![CDATA[forums]]></item>
				<item id="extra"><![CDATA[]]></item>
				<item id="__value">
					<item id="0"><![CDATA[36]]></item>
				</item>
			</item>
			<item id="5">
				<item id="displayorder"><![CDATA[6]]></item>
				<item id="title"><![CDATA[交易积分]]></item>
				<item id="description"><![CDATA[]]></item>
				<item id="variable"><![CDATA[price]]></item>
				<item id="type"><![CDATA[extcredit]]></item>
				<item id="value"><![CDATA[2]]></item>
				<item id="extra"><![CDATA[]]></item>
			</item>
		</item>
		<item id="installfile"><![CDATA[install.php]]></item>
		<item id="uninstallfile"><![CDATA[uninstall.php]]></item>
	</item>
</root>